id,name,address,score,province,category,price,latitude,longitude
1,corgi house beachstay danang,"đà nẵng, việt nam",5.0,đà nẵng,homestay,411125,16.05803,108.24379
2,y homestay đà nẵng gần sân bay và trung tâm,"đà nẵng, việt nam",Chưa xét,đà nẵng,homestay,1445850,16.05151,108.20842
3,#modern room walk to da nang beach,"đà nẵng, việt nam",Chưa xét,đà nẵng,homestay,784300,16.07046,108.24281
4,homestay da nang full house,"đà nẵng, việt nam",Chưa xét,đà nẵng,homestay,400878,16.06027,108.1773
5,cosy house da nang,"đà nẵng, việt nam",5.0,đà nẵng,homestay,1184040,16.04926,108.20884
6,kaia residence danang quiet garden,"đà nẵng, việt nam",4.7,đà nẵng,homestay,1109911,16.07732,108.21571
7,sena home 3rd-near danang dragon bridge-han river,"đà nẵng, việt nam",Chưa xét,đà nẵng,homestay,455000,16.06021,108.23152
8,ct homestay da nang,"đà nẵng, việt nam",Chưa xét,đà nẵng,homestay,436551,16.06388,108.23138
9,tree homestay,"đà nẵng, việt nam",4.5,đà nẵng,homestay,509150,16.05348,108.23406
10,baphu house - the centre of da nang,"đà nẵng, việt nam",Chưa xét,đà nẵng,homestay,1366200,16.07309,108.22117
11,nha binh homestay,"đà nẵng, việt nam",Chưa xét,đà nẵng,homestay,704605,16.06966,108.23377
12,nt house,"đà nẵng, việt nam",Chưa xét,đà nẵng,homestay,568333,16.06044,108.23753
13,siro house da nang homestay,"đà nẵng, việt nam",4.8,đà nẵng,homestay,308660,16.05425,108.24035
14,monarchy luxury 2 bedroom apartment danang,"đà nẵng, việt nam",Chưa xét,đà nẵng,homestay,1472500,16.05482,108.233
15,moon house da nang,"đà nẵng, việt nam",Chưa xét,đà nẵng,homestay,299552,16.03066,108.24019
16,ly apartment,"đà nẵng, việt nam",4.0,đà nẵng,homestay,345345,16.0895,108.21572
17,urban escape in villa indochine by mỹ khê beach,"đà nẵng, việt nam",Chưa xét,đà nẵng,homestay,1027180,16.05383,108.23815
18,sena home 3*2*overlooking danang dragon bridge,"đà nẵng, việt nam",Chưa xét,đà nẵng,homestay,426261,16.06023,108.2315
19,q apartment da nang,"đà nẵng, việt nam",4.7,đà nẵng,homestay,838062,16.06855,108.2233
20,casa rosa apartment,"đà nẵng, việt nam",4.9,đà nẵng,homestay,498157,16.05814,108.24459
21,beautiful apartment near pham van dong beach,"đà nẵng, việt nam",Chưa xét,đà nẵng,homestay,695750,16.06725,108.24014
22,hotel & apartment la vie,"đà nẵng, việt nam",Chưa xét,đà nẵng,homestay,409451,16.08723,108.21962
23,hana homestay danang,"đà nẵng, việt nam",4.7,đà nẵng,homestay,298666,16.05607,108.24474
24,q apartment da nang,"đà nẵng, việt nam",4.7,đà nẵng,homestay,838062,16.06855,108.2233
25,kata home,"đà nẵng, việt nam",4.6,đà nẵng,homestay,490000,16.08142,108.22069
26,"homestay an's house near dragon bridge, the heart of da nang city","đà nẵng, việt nam",Chưa xét,đà nẵng,homestay,670450,16.06352,108.23061
27,la maison des delices hotel apartment,"đà nẵng, việt nam",4.6,đà nẵng,homestay,474881,16.05478,108.20568
28,danatri*kingroom*privatebalcony*bathtub*mykhebeach,"đà nẵng, việt nam",Chưa xét,đà nẵng,homestay,506000,16.04778,108.24497
29,kenkesu house-nice 3rd floor-2brs-free airport pick up& drop off from 3 nights,"đà nẵng, việt nam",4.9,đà nẵng,homestay,1089000,16.05728,108.21693
30,la maison des délices - queen studio,"đà nẵng, việt nam",Chưa xét,đà nẵng,homestay,563051,16.05479,108.20569
31,sena home 3*1*looking danang dragon bridge*han riv,"đà nẵng, việt nam",Chưa xét,đà nẵng,homestay,417472,16.06022,108.23151
32,nami home da nang,"đà nẵng, việt nam",Chưa xét,đà nẵng,homestay,569250,16.05686,108.2443
33,seashine apartment,"đà nẵng, việt nam",4.4,đà nẵng,homestay,483483,16.08431,108.24316
34,chau an villa 5 bedrooms at ngu hanh son,"đà nẵng, việt nam",4.1,đà nẵng,homestay,2992500,16.03123,108.23966
35,mango home & apartment,"đà nẵng, việt nam",Chưa xét,đà nẵng,homestay,559636,16.0535,108.24104
36,soul's house | gorgeous hideout | closed to everything,"đà nẵng, việt nam",Chưa xét,đà nẵng,homestay,2302300,16.07428,108.2216
37,anstay beach da nang,"đà nẵng, việt nam",Chưa xét,đà nẵng,homestay,323587,16.08462,108.24759
38,sen boutique villa apartment,"đà nẵng, việt nam",4.7,đà nẵng,homestay,495374,16.04938,108.2439
39,private studio - 1 bed room,"đà nẵng, việt nam",Chưa xét,đà nẵng,homestay,706799,16.05352,108.24105
40,essenza hotel,"đà nẵng, việt nam",Chưa xét,đà nẵng,homestay,488543,16.05059,108.24603
41,olga apartments,"đà nẵng, việt nam",4.5,đà nẵng,homestay,0,16.07345,108.22083
42,bean’s house riverfront,"đà nẵng, việt nam",4.6,đà nẵng,homestay,355971,16.07543,108.22911
43,bonnenuite homestay,"đà nẵng, việt nam",Chưa xét,đà nẵng,homestay,838695,16.05078,108.2206
44,homestay halley - quadruple room,"đà nẵng, việt nam",4.7,đà nẵng,homestay,250217,16.04324,108.212
45,anstay -apartment studio close to the beach-ag201,"đà nẵng, việt nam",Chưa xét,đà nẵng,homestay,562160,16.0744,108.24139
46,pool seaview 3a - deluxe apartment balcony,"đà nẵng, việt nam",3.5,đà nẵng,homestay,625000,16.07463,108.2415
47,sena home 3#1-near danang dragon bridge-han river,"đà nẵng, việt nam",4.6,đà nẵng,homestay,360667,16.06021,108.23151
48,mira de sol homestay,"đà nẵng, việt nam",Chưa xét,đà nẵng,homestay,498410,16.05033,108.2431
49,sharon hotel and apartment,"đà nẵng, việt nam",4.7,đà nẵng,homestay,507771,16.05496,108.24552
50,anstay homestay apartment,"đà nẵng, việt nam",Chưa xét,đà nẵng,homestay,384560,16.07448,108.24139
51,phuc villa,"đà nẵng, việt nam",1.0,đà nẵng,homestay,4440149,16.03223,108.24115
52,stargazer hotel - double kings,"đà nẵng, việt nam",Chưa xét,đà nẵng,homestay,788889,16.07099,108.22434
53,51 hoài thanh đà nẵng,"đà nẵng, việt nam",Chưa xét,đà nẵng,homestay,900000,16.04921,108.23691
54,banana flower homestay,"đà nẵng, việt nam",Chưa xét,đà nẵng,homestay,500434,16.07841,108.21914
55,duke casa apartment,"đà nẵng, việt nam",Chưa xét,đà nẵng,homestay,449454,16.07735,108.24227
56,leilahome đa nang *5.0 . 3 bedrooms. free airport pick up.,"đà nẵng, việt nam",4.6,đà nẵng,homestay,1755000,16.05803,108.21704
57,cainito garden house da nang - live greener,"đà nẵng, việt nam",Chưa xét,đà nẵng,homestay,1265000,16.06689,108.23166
58,hoàng thịnh hotel & apartment danang,"đà nẵng, việt nam",3.4,đà nẵng,homestay,986700,16.03864,108.22352
59,l'amour villa - sauna & pool,"đà nẵng, việt nam",Chưa xét,đà nẵng,homestay,3000000,16.07402,108.21169
60,apartment len da nang,"đà nẵng, việt nam",Chưa xét,đà nẵng,homestay,1897500,16.06113,108.222
61,fstay - cozy and peaceful homestay da nang - family room with balcony,"đà nẵng, việt nam",Chưa xét,đà nẵng,homestay,359639,16.07585,108.20985
62,airport homestay,"đà nẵng, việt nam",Chưa xét,đà nẵng,homestay,726750,16.05348,108.20463
63,modern & charming penthouse 5brs in da nang center,"đà nẵng, việt nam",4.3,đà nẵng,homestay,3136320,16.08023,108.21999
64,"urihouse 4, romantic rooftop w/ airy space & flower","đà nẵng, việt nam",Chưa xét,đà nẵng,homestay,1138500,16.07924,108.21495
65,lúa homestay apartment,"đà nẵng, việt nam",Chưa xét,đà nẵng,homestay,480194,16.06474,108.23219
66,harmony homestay - double room with private bathroom,"đà nẵng, việt nam",Chưa xét,đà nẵng,homestay,298034,16.05999,108.20806
67,carol homestay apartment da nang 3,"đà nẵng, việt nam",Chưa xét,đà nẵng,homestay,392150,16.06307,108.23133
68,hà linh apartment,"đà nẵng, việt nam",Chưa xét,đà nẵng,homestay,474501,16.06825,108.24429
69,nhà của te - homestay tea room,"đà nẵng, việt nam",Chưa xét,đà nẵng,homestay,349646,16.06279,108.17699
70,oriental danang,"đà nẵng, việt nam",Chưa xét,đà nẵng,homestay,865386,16.06,108.21322
71,shelter stay da nang - deluxe apartment,"đà nẵng, việt nam",Chưa xét,đà nẵng,homestay,356224,16.07312,108.24289
72,lu peaceful homestay - economy double room,"đà nẵng, việt nam",Chưa xét,đà nẵng,homestay,247687,16.05519,108.18915
73,dana house elc,"đà nẵng, việt nam",Chưa xét,đà nẵng,homestay,611501,16.06633,108.24006
74,lada's house,"đà nẵng, việt nam",Chưa xét,đà nẵng,homestay,717381,16.0629,108.22081
75,"cozy and quiet studio 2 mins lotte mart, helio","đà nẵng, việt nam",Chưa xét,đà nẵng,homestay,0,16.03507,108.23221
76,my little pig home,"đà nẵng, việt nam",Chưa xét,đà nẵng,homestay,459448,16.07049,108.23303
77,aris apartment,"đà nẵng, việt nam",3.5,đà nẵng,homestay,789360,16.04913,108.24798
78,mina home đà nẵng - family studio,"đà nẵng, việt nam",Chưa xét,đà nẵng,homestay,298540,16.05637,108.24464
79,tropical house apartment da nang,"đà nẵng, việt nam",Chưa xét,đà nẵng,homestay,1078792,16.07002,108.23398
80,reverie home,"đà nẵng, việt nam",Chưa xét,đà nẵng,homestay,388355,16.08444,108.21835
81,olga apartment danang for 02 person,"đà nẵng, việt nam",Chưa xét,đà nẵng,homestay,1315600,16.07362,108.22105
82,green peace village,"đà nẵng, việt nam",Chưa xét,đà nẵng,homestay,1298396,16.06791,108.23286
83,white house by hàn river.,"đà nẵng, việt nam",Chưa xét,đà nẵng,homestay,799986,16.07517,108.22095
84,la vie house,"đà nẵng, việt nam",Chưa xét,đà nẵng,homestay,443762,16.07666,108.21564
85,sweden hotel and apartment,"đà nẵng, việt nam",Chưa xét,đà nẵng,homestay,248699,16.05211,108.24546
86,an an homes,"đà nẵng, việt nam",4.7,đà nẵng,homestay,499295,16.02943,108.22333
87,song cat villa - 31nl,"đà nẵng, việt nam",4.8,đà nẵng,homestay,7500000,16.03297,108.24101
88,thanh binh apartments,"đà nẵng, việt nam",Chưa xét,đà nẵng,homestay,872850,16.04878,108.238
89,zuchi's homeapartment,"đà nẵng, việt nam",Chưa xét,đà nẵng,homestay,322322,16.08241,108.23483
90,samatha apartment hotel,"đà nẵng, việt nam",Chưa xét,đà nẵng,homestay,415426,16.05303,108.2451
91,lh apartment da nang,"đà nẵng, việt nam",Chưa xét,đà nẵng,homestay,670703,16.05505,108.2389
92,nhà bình homestay - queen room with balcony,"đà nẵng, việt nam",Chưa xét,đà nẵng,homestay,595815,16.06964,108.23381
93,bao tran homestay,"đà nẵng, việt nam",Chưa xét,đà nẵng,homestay,303347,16.06381,108.23099
94,citypoint apartment,"đà nẵng, việt nam",4.2,đà nẵng,homestay,1200232,16.06254,108.22244
95,sanayen villa residences - deluxe room (2 adults + 1 child),"đà nẵng, việt nam",4.4,đà nẵng,homestay,480953,16.07726,108.2442
96,kara beachside guesthouse - standard double room,"đà nẵng, việt nam",3.9,đà nẵng,homestay,250217,16.04457,108.24672
97,my suites danang beach,"đà nẵng, việt nam",Chưa xét,đà nẵng,homestay,559383,16.06681,108.24362
98,nalini hotel apartment,"đà nẵng, việt nam",Chưa xét,đà nẵng,homestay,370012,16.04924,108.24787
99,stop and go boutique homestay hue,"thành phố huế, việt nam",4.8,thừa thiên huế,homestay,430353,16.46928,107.59699
100,the purple hue homestay,"thành phố huế, việt nam",Chưa xét,thừa thiên huế,homestay,580000,16.46579,107.5701
101,sahi homestay retreat,"thành phố huế, việt nam",4.5,thừa thiên huế,homestay,988218,16.45263,107.56503
102,timothy house hue,"thành phố huế, việt nam",Chưa xét,thừa thiên huế,homestay,1137500,16.4925,107.5784
103,canary homestay,"thành phố huế, việt nam",5.0,thừa thiên huế,homestay,276276,16.4601,107.58995
104,standard king room(02 people),"thành phố huế, việt nam",Chưa xét,thừa thiên huế,homestay,480700,16.44222,107.57665
105,homestay mộc nhi,"thị xã hương thủy, việt nam",4.8,thừa thiên huế,homestay,700000,16.4472,107.62013
106,l’amour homestay n cafe,"thành phố huế, việt nam",Chưa xét,thừa thiên huế,homestay,375958,16.45747,107.58265
107,"4 guests, 2 beds, 1 bath, a garden","thành phố huế, việt nam",Chưa xét,thừa thiên huế,homestay,936100,16.47442,107.58241
108,deluxe double room - nana homestay hue,"thành phố huế, việt nam",Chưa xét,thừa thiên huế,homestay,412300,16.45621,107.59433
109,memory homestay hue,"thành phố huế, việt nam",Chưa xét,thừa thiên huế,homestay,373807,16.45896,107.61152
110,canary homestay-we love having you here phòng lẻ,"thành phố huế, việt nam",Chưa xét,thừa thiên huế,homestay,276276,16.46013,107.58997
111,hue homestay riverside,"thành phố huế, việt nam",4.8,thừa thiên huế,homestay,799100,16.46962,107.56665
112,pucpu homestay nera garden huế,"thành phố huế, việt nam",4.1,thừa thiên huế,homestay,535500,16.4632,107.61708
113,iris hill villa hue,"thành phố huế, việt nam",4.0,thừa thiên huế,homestay,1342671,16.44125,107.57581
114,an nam hue boutique,"thị xã hương thủy, việt nam",Chưa xét,thừa thiên huế,homestay,777089,16.41612,107.58692
115,mina homestay pool & gym free nera garden,"thành phố huế, việt nam",4.0,thừa thiên huế,homestay,702000,16.46336,107.61729
116,full villa with 4 bedrooms(11 people),"thành phố huế, việt nam",Chưa xét,thừa thiên huế,homestay,1518000,16.44222,107.57505
117,stylish room with garden and pool (bana-leaf room),"thành phố huế, việt nam",Chưa xét,thừa thiên huế,homestay,646453,16.45233,107.59438
118,hue sweethouse 1 homestay,"thành phố huế, việt nam",Chưa xét,thừa thiên huế,homestay,449454,16.46412,107.59349
119,homestay huế ơi 2,"thành phố huế, việt nam",4.9,thừa thiên huế,homestay,608000,16.4635,107.61688
120,full villa with 4 bedrooms(11 people),"thành phố huế, việt nam",Chưa xét,thừa thiên huế,homestay,1518000,16.44222,107.57505
121,le house villa,"thành phố huế, việt nam",Chưa xét,thừa thiên huế,homestay,2220075,16.46947,107.59732
122,nana homestay villa,"thành phố huế, việt nam",Chưa xét,thừa thiên huế,homestay,325105,16.45688,107.59616
123,mộc homestay,"thành phố huế, việt nam",4.5,thừa thiên huế,homestay,900000,16.4634,107.61739
124,triple room with hill view(03 people),"thành phố huế, việt nam",Chưa xét,thừa thiên huế,homestay,581900,16.4422,107.57666
125,"thiên trúc ecohome, đồi từ hiếu","thành phố huế, việt nam",4.8,thừa thiên huế,homestay,1000000,16.43714,107.57397
126,happy villa hue city,"thành phố huế, việt nam",Chưa xét,thừa thiên huế,homestay,3453449,16.47211,107.60023
127,q' garden villa homestay,"thành phố huế, việt nam",Chưa xét,thừa thiên huế,homestay,449454,16.46826,107.60289
128,hillside homestay hue - silk room,"thành phố huế, việt nam",Chưa xét,thừa thiên huế,homestay,736111,16.44528,107.57782
129,monstera homestay,"thành phố huế, việt nam",Chưa xét,thừa thiên huế,homestay,632500,16.47454,107.57124
130,khách sạn le domaine de cocodo,"thành phố huế, việt nam",4.2,thừa thiên huế,homestay,1844370,16.45341,107.5903
131,hue lovely homestay,"thành phố huế, việt nam",4.8,thừa thiên huế,homestay,561786,16.46435,107.5893
132,an homestay nera garden huế,"thành phố huế, việt nam",Chưa xét,thừa thiên huế,homestay,800000,16.46363,107.61591
133,lover - fancy couple,"thành phố huế, việt nam",Chưa xét,thừa thiên huế,homestay,556600,16.44223,107.57502
134,lacasa homestay,"thành phố huế, việt nam",Chưa xét,thừa thiên huế,homestay,302082,16.45549,107.59225
135,cleopatra villa,"thành phố huế, việt nam",Chưa xét,thừa thiên huế,homestay,2677500,16.45271,107.56617
136,tú uyên homestay,"thành phố huế, việt nam",Chưa xét,thừa thiên huế,homestay,348887,16.47563,107.59516
137,laguna park townhouses,"laguna lăng cô, việt nam",4.2,thừa thiên huế,homestay,3883802,16.32539,107.95609
138,q homestay garden villa - city center,"thành phố huế, việt nam",Chưa xét,thừa thiên huế,homestay,2451570,16.46792,107.60153
139,lam vien homestay hue,"thành phố huế, việt nam",Chưa xét,thừa thiên huế,homestay,246548,16.44235,107.57507
140,hue eco homestay - deluxe queen room,"phú thượng, việt nam",Chưa xét,thừa thiên huế,homestay,278679,16.48635,107.60293
141,home 2 - second floor with 2 bedrooms(05 people),"thành phố huế, việt nam",Chưa xét,thừa thiên huế,homestay,784300,16.44229,107.5751
142,sam villa hue city,"thành phố huế, việt nam",Chưa xét,thừa thiên huế,homestay,650589,16.43471,107.57739
143,lala villa hue,"thành phố huế, việt nam",Chưa xét,thừa thiên huế,homestay,304738,16.45717,107.61118
144,tabi homestay hue,"thành phố huế, việt nam",Chưa xét,thừa thiên huế,homestay,350278,16.46998,107.59822
145,nera house,"thành phố huế, việt nam",4.5,thừa thiên huế,homestay,855000,16.46296,107.61672
146,dinh homestay | 5broom | swimming pool | 3mins to center,"thị xã hương thủy, việt nam",5.0,thừa thiên huế,homestay,3428149,16.44683,107.61203
147,mai an homestay,"thành phố huế, việt nam",Chưa xét,thừa thiên huế,homestay,549389,16.45505,107.59959
148,tùng homestay,"thành phố huế, việt nam",Chưa xét,thừa thiên huế,homestay,380385,16.46486,107.59548
149,amy apartment hue,"thành phố huế, việt nam",Chưa xét,thừa thiên huế,homestay,664757,16.46261,107.61535
150,căn hộ studio-banana homestay,"thành phố huế, việt nam",Chưa xét,thừa thiên huế,homestay,510427,16.46573,107.59607
151,homestay huế ơi 4,"thành phố huế, việt nam",Chưa xét,thừa thiên huế,homestay,826200,16.46361,107.61665
152,homestay kenpi,"thành phố huế, việt nam",Chưa xét,thừa thiên huế,homestay,223778,16.47712,107.60317
153,home 1 - first floor with 2 bedrooms(6 people),"thành phố huế, việt nam",Chưa xét,thừa thiên huế,homestay,986700,16.44229,107.57502
154,asean garden homestay hue,"thành phố huế, việt nam",Chưa xét,thừa thiên huế,homestay,299552,16.47314,107.58223
155,cat homestay,"thành phố huế, việt nam",Chưa xét,thừa thiên huế,homestay,624783,16.4274,107.58101
156,noric homestay,"thành phố huế, việt nam",Chưa xét,thừa thiên huế,homestay,855000,16.46299,107.61703
157,chim go kien villa,"thành phố huế, việt nam",3.5,thừa thiên huế,homestay,310178,16.45992,107.58708
158,king homestay - double room,"thành phố huế, việt nam",Chưa xét,thừa thiên huế,homestay,279944,16.4711,107.5974
159,mia's house hue,"thành phố huế, việt nam",5.0,thừa thiên huế,homestay,2300000,16.47436,107.58397
160,the hillside homestay hue,"thành phố huế, việt nam",4.6,thừa thiên huế,homestay,540408,16.44524,107.57787
161,purple hue - charming riverside - economy double room,"thành phố huế, việt nam",Chưa xét,thừa thiên huế,homestay,396324,16.47547,107.59528
162,rose,"phú thượng, việt nam",Chưa xét,thừa thiên huế,homestay,220236,16.49702,107.60922
163,"an homestay, căn hộ nera garden huế","thành phố huế, việt nam",4.2,thừa thiên huế,homestay,800000,16.4637,107.60068
164,amy hue hotel apartment,"thành phố huế, việt nam",Chưa xét,thừa thiên huế,homestay,526999,16.46908,107.597
165,myfa house,"thành phố huế, việt nam",Chưa xét,thừa thiên huế,homestay,432377,16.46267,107.60084
166,tt villa hue,"thành phố huế, việt nam",4.9,thừa thiên huế,homestay,2505938,16.47822,107.57855
167,an thai homestay hue,"thành phố huế, việt nam",Chưa xét,thừa thiên huế,homestay,495374,16.46493,107.59394
168,ciel homestay,"thành phố huế, việt nam",Chưa xét,thừa thiên huế,homestay,799100,16.47941,107.57869
169,hue sweethouse 2 homestay - deluxe double room with balcony,"thành phố huế, việt nam",4.9,thừa thiên huế,homestay,670956,16.47165,107.59688
170,boom casa homestay,"thành phố huế, việt nam",Chưa xét,thừa thiên huế,homestay,450466,16.46937,107.58477
171,sun & sea resort- standard unit 15,"thuận an, việt nam",Chưa xét,thừa thiên huế,homestay,1138500,16.55696,107.65173
172,merry homestay huế,"thành phố huế, việt nam",Chưa xét,thừa thiên huế,homestay,400246,16.4556,107.58949
173,ina apartment - nera garden hue,"thành phố huế, việt nam",Chưa xét,thừa thiên huế,homestay,770132,16.46301,107.61678
174,homey homestay hue,"thị xã hương thủy, việt nam",4.9,thừa thiên huế,homestay,435666,16.43553,107.63301
175,moon house,"thành phố huế, việt nam",Chưa xét,thừa thiên huế,homestay,549389,16.46303,107.60745
176,xuka homestay - triple room with bathroom,"thị xã hương thủy, việt nam",Chưa xét,thừa thiên huế,homestay,242753,16.46518,107.64478
177,plumeria homestay,"thành phố huế, việt nam",Chưa xét,thừa thiên huế,homestay,344333,16.47266,107.57567
178,july homestay,"thành phố huế, việt nam",Chưa xét,thừa thiên huế,homestay,619200,16.45201,107.59954
179,july homestay,"thành phố huế, việt nam",Chưa xét,thừa thiên huế,homestay,619200,16.45201,107.59954
180,komi homestay,"thành phố huế, việt nam",Chưa xét,thừa thiên huế,homestay,539396,16.46461,107.5932
181,homeshue,"thành phố huế, việt nam",Chưa xét,thừa thiên huế,homestay,599230,16.45445,107.58575
182,sun & sea resort- standard unit 12,"thuận an, việt nam",Chưa xét,thừa thiên huế,homestay,1138500,16.55699,107.6518
183,hue house stay,"thành phố huế, việt nam",Chưa xét,thừa thiên huế,homestay,300311,16.45529,107.61138
184,na coffee and homestay,"thành phố huế, việt nam",4.3,thừa thiên huế,homestay,407583,16.4633,107.59891
185,"encens villa and spa features a bar, garden, terrace, and free wifi","thành phố huế, việt nam",Chưa xét,thừa thiên huế,homestay,843755,16.46361,107.60588
186,charming riverside hotel,"thành phố huế, việt nam",4.5,thừa thiên huế,homestay,549389,16.47476,107.59528
187,thai gia trang farmstay - comfort double room,"thành phố huế, việt nam",Chưa xét,thừa thiên huế,homestay,402776,16.45865,107.55121
188,ourhome,bluepillow.com,Chưa xét,thừa thiên huế,homestay,397589,16.46348,107.60692
189,le petit homestay - double room with balcony (2 adults + 1 child),"thành phố huế, việt nam",Chưa xét,thừa thiên huế,homestay,400246,16.4711,107.59759
190,chi’s homestay,"thành phố huế, việt nam",Chưa xét,thừa thiên huế,homestay,450466,16.46801,107.56774
191,metta homestay hue - standard double room,"thành phố huế, việt nam",Chưa xét,thừa thiên huế,homestay,414161,16.43697,107.5786
192,mandarin homestay hue - family room with bathroom,"thành phố huế, việt nam",Chưa xét,thừa thiên huế,homestay,463369,16.45461,107.55142
193,ivy house,"thành phố huế, việt nam",Chưa xét,thừa thiên huế,homestay,449454,16.46397,107.59357
194,hue river side villa - deluxe villa,"thành phố huế, việt nam",4.9,thừa thiên huế,homestay,990748,16.47275,107.59593
195,gold homestay,"thành phố huế, việt nam",Chưa xét,thừa thiên huế,homestay,688000,16.46404,107.60564
196,homestay bối bối,"thành phố huế, việt nam",Chưa xét,thừa thiên huế,homestay,349646,16.47284,107.58513
197,아리 (ahri) korean bbq,"02 võ nguyên giáp, phước mỹ, sơn trà, đà nẵng 590000, việt nam",4.6,đà nẵng,nhà hàng,0,16.06574,108.24619
198,độc mộc buffet,"k209/05, nguyễn văn thoại, an hải, sơn trà, đà nẵng 550000, việt nam",4.6,đà nẵng,nhà hàng,250000,16.05633,108.24342
199,an nam quán - cơm niêu đà nẵng,"b15 lô 42, 43 trần bạch đằng, p, ngũ hành sơn, đà nẵng 550000, việt nam",4.5,đà nẵng,nhà hàng,150000,16.05567,108.24574
200,bánh xèo bà dưỡng,"280/23 hoàng diệu, bình hiên, hải châu, đà nẵng 550000, việt nam",4.3,đà nẵng,nhà hàng,50000.5,16.05888,108.21617
201,mỳ quảng cô sáu,"397 đ. trần hưng đạo, an hải trung, sơn trà, đà nẵng 550000, việt nam",4.7,đà nẵng,nhà hàng,50000.5,16.06618,108.22966
202,cô ba phở bò,"154 bạch đằng, hải châu 1, hải châu, đà nẵng 550000, việt nam",4.8,đà nẵng,nhà hàng,150000,16.06697,108.22472
203,bếp cuốn đà nẵng,"31-33 trần bạch đằng, phước mỹ, sơn trà, đà nẵng 550000, việt nam",4.9,đà nẵng,nhà hàng,150000,16.05796,108.24515
204,quán ăn hàn quốc ông lei (mì cay - ăn vặt),"73 đ. nguyễn văn linh, phước ninh, hải châu, đà nẵng 550000, việt nam",4.9,đà nẵng,nhà hàng,150000,16.06069,108.22008
205,hải sản đà nẵng bé biển,"202 võ nguyên giáp, phước mỹ, sơn trà, đà nẵng 550000, việt nam",4.5,đà nẵng,nhà hàng,0,16.06853,108.24498
206,cơm niêu nhà đỏ,"86 nguyễn tri phương, chính gián, thanh khê, đà nẵng 550000, việt nam",4.1,đà nẵng,nhà hàng,150000,16.06219,108.20395
207,cơm tấm út vân,"132 nguyễn văn thoại, bắc mỹ phú, ngũ hành sơn, đà nẵng 550000, việt nam",4.8,đà nẵng,nhà hàng,50000.5,16.05569,108.24472
208,nhà hàng thìa gỗ đà nẵng,"53 phan thúc duyện, bắc mỹ an, ngũ hành sơn, đà nẵng 50507, việt nam",4.8,đà nẵng,nhà hàng,150000,16.05299,108.24158
209,quán ốc ngon đà nẵng,"137 nguyễn đức trung, hòa khê, thanh khê, đà nẵng 88000, việt nam",4.4,đà nẵng,nhà hàng,150000,16.0662,108.18847
210,bún mắm ngọc,"20 đoàn thị điểm, hải châu 2, hải châu, đà nẵng 550000, việt nam",4.2,đà nẵng,nhà hàng,50000.5,16.06659,108.2172
211,hải sản mộc quán đà nẵng,"26 tô hiến thành, phước mỹ, sơn trà, đà nẵng 550000, việt nam",4.6,đà nẵng,nhà hàng,0,16.064,108.24158
212,quán hải sản thời cổ đà nẵng,"354/1 võ nguyên giáp, bắc mỹ an, ngũ hành sơn, đà nẵng 550000, việt nam",4.7,đà nẵng,nhà hàng,0,16.04386,108.24731
213,nhà hàng 3 big - nướng & lẩu hàn quốc,"134 phan châu trinh, phước ninh, hải châu, đà nẵng 550000, việt nam",4.9,đà nẵng,nhà hàng,150000,16.06397,108.21973
214,xóm mới garden,"222 trần phú,phường phước ninh, đà nẵng, 552760, việt nam",4.9,đà nẵng,nhà hàng,200000,16.0635,108.22321
215,quán huế ngon -다낭최고의 로컬 bbq 레스토랑- best local food in da nang-,"65 trần quốc toản, phước ninh, hải châu, đà nẵng 550000, việt nam",4.0,đà nẵng,nhà hàng,200000,16.06623,108.22129
216,donald trung đà nẵng _352 hải phòng,"352 hải phòng, chính gián, thanh khê, đà nẵng 550000, việt nam",4.9,đà nẵng,nhà hàng,50000.5,16.06795,108.20481
217,sky view restaurant,"216 võ nguyên giáp, phước mỹ, sơn trà, đà nẵng 550000, việt nam",4.8,đà nẵng,nhà hàng,0,16.06761,108.24478
218,ẩm thực năm hiền - bánh xèo tôm nhảy,"46 phan thanh, thạc gián, thanh khê, đà nẵng 550000, việt nam",4.0,đà nẵng,nhà hàng,50000.5,16.06469,108.20793
219,nhà hàng biển việt,"64 an thượng 26, bắc mỹ phú, ngũ hành sơn, đà nẵng 550000, việt nam",4.8,đà nẵng,nhà hàng,0,16.05539,108.24571
220,cao lầu hoài phố,"255 nguyễn chí thanh, phước ninh, hải châu, đà nẵng 550000, việt nam",4.2,đà nẵng,nhà hàng,50000.5,16.0661,108.2209
221,nhà hàng bếp xưa,"27 nguyễn chí thanh, thạch thang, hải châu, đà nẵng 550000, việt nam",4.5,đà nẵng,nhà hàng,150000,16.07916,108.22026
222,ngư phố - chả cá hà nội tại đà nẵng,"219 trần phú, phước ninh, hải châu, đà nẵng 55000, việt nam",4.3,đà nẵng,nhà hàng,150000,16.06439,108.22372
223,nhà hàng làng nghệ,"119 lê lợi, thạch thang, hải châu, đà nẵng 550000, việt nam",4.2,đà nẵng,nhà hàng,200000,16.07524,108.22
224,quán cô hồng - gỏi cá nam ô,"118 huỳnh thúc kháng, nam dương, hải châu, đà nẵng 550000, việt nam",4.4,đà nẵng,nhà hàng,50000.5,16.05885,108.21811
225,tiệm ăn hk vinh hạnh,"92 phan châu trinh, phước ninh, hải châu, đà nẵng 550000, việt nam",4.4,đà nẵng,nhà hàng,150000,16.06552,108.21996
226,bún chả cá bà phiến (bà thừa),"63 lê hồng phong, phước ninh, hải châu, đà nẵng 550000, việt nam",4.5,đà nẵng,nhà hàng,50000.5,16.06402,108.22027
227,다낭 한식당 nhà hàng hàn quốc lòng bò nướng ( 소곱창집 식당 da nang ),"170b hồ nghinh, phước mỹ, sơn trà, đà nẵng 550000, việt nam",4.9,đà nẵng,nhà hàng,0,16.07188,108.24292
228,cơm gà gia vĩnh - hải phòng,"241 hải phòng, tân chính, thanh khê, đà nẵng 550000, việt nam",4.3,đà nẵng,nhà hàng,50000.5,16.07107,108.21059
229,bánh canh ghẹ quận nhất - cơ sở đà nẵng,"b13 đ. 2 tháng 9, hòa thuận đông, hải châu, đà nẵng 550000, việt nam",5.0,đà nẵng,nhà hàng,50000.5,16.05481,108.22242
230,quán ăn nhà ta,"134 đ. 2 tháng 9, hòa thuận đông, hải châu, đà nẵng 550000, việt nam",4.0,đà nẵng,nhà hàng,150000,16.05314,108.22197
231,ca chuon co seafood restaurant,"premier village danang resort, 99 võ nguyên giáp, bắc mỹ an, ngũ hành sơn, đà nẵng 550000, việt nam",4.6,đà nẵng,nhà hàng,0,16.04325,108.25093
232,golden meat house,"100 trần bạch đằng, bắc mỹ phú, ngũ hành sơn, đà nẵng 550000, việt nam",4.8,đà nẵng,nhà hàng,0,16.05491,108.2459
233,nhà hàng mr.anh - mr.anh local vietnamese cuisine restaurant,"340 ông ích khiêm phường vĩnh trung, thanh khê, đà nẵng 590000, việt nam",4.7,đà nẵng,nhà hàng,150000,16.06777,108.2138
234,lẩu bò sáu hưng,"1191 ngô quyền, an hải đông, sơn trà, đà nẵng 550000, việt nam",4.1,đà nẵng,nhà hàng,150000,16.05428,108.2368
235,nhà hàng cơm niêu cội nguồn,"160 nguyễn tri phương, thạc gián, thanh khê, đà nẵng 550000, việt nam",4.1,đà nẵng,nhà hàng,150000,16.06013,108.20517
236,đặc sản dê núi ninh bình tại đà nẵng-nhà hàng hoa lư (hoa lu restaurant),"113 nguyễn hữu thọ, hòa thuận nam, hải châu, đà nẵng 550000, việt nam",4.1,đà nẵng,nhà hàng,250000,16.04823,108.20978
237,quán mỳ quảng hương quê,"78 phan thanh, thạc gián, thanh khê, đà nẵng 550000, việt nam",4.3,đà nẵng,nhà hàng,50000.5,16.06343,108.20851
238,quán cơm gia đình - món huế - tôn nữ quán,"383/9 hải phòng, tân chính, thanh khê, đà nẵng 550000, việt nam",4.4,đà nẵng,nhà hàng,50000.5,16.06984,108.20614
239,nhà hàng đồ ăn thái - thai market restaurant - bình minh 5,"43 đường bình minh 5, bình thuận, hải châu, đà nẵng 550000, việt nam",4.6,đà nẵng,nhà hàng,150000,16.05541,108.22282
240,cao lầu phố hội,"163 phan đăng lưu, hoà cường nam, hải châu, đà nẵng 550000, việt nam",4.5,đà nẵng,nhà hàng,50000.5,16.03585,108.21505
241,bún chả cá hờn,"113/3 nguyễn chí thanh, hải châu 1, hải châu, đà nẵng 550000, việt nam",4.2,đà nẵng,nhà hàng,50000.5,16.0741,108.22126
242,quán mậu,"35 đỗ thúc tịnh, khuê trung, cẩm lệ, đà nẵng 550000, việt nam",4.1,đà nẵng,nhà hàng,50000.5,16.02717,108.20974
243,mì quảng ếch bếp trang,"441 ông ích khiêm, nam dương, hải châu, đà nẵng 550000, việt nam",4.1,đà nẵng,nhà hàng,50000.5,16.06203,108.2164
244,all seasons buffet da nang,"193 nguyễn văn thoại, an hải đông, ngũ hành sơn, đà nẵng 550000, việt nam",4.9,đà nẵng,nhà hàng,1000000,16.05546,108.24303
245,nướng bơ đà nẵng - nướng bơ 1986 -다낭 한식 그릴 레스토랑,"319 nguyễn tri phương, hòa thuận đông, hải châu, đà nẵng 550000, việt nam",4.5,đà nẵng,nhà hàng,150000,16.05078,108.21333
246,bánh tráng thịt heo bà hường,"126 duy tân, hòa thuận nam, hải châu, đà nẵng 550000, việt nam",4.2,đà nẵng,nhà hàng,150000,16.05122,108.20812
247,bà thôi,"96-98-100 lê đình dương, phước ninh, hải châu, đà nẵng 550000, việt nam",3.7,đà nẵng,nhà hàng,250000,16.06198,108.21875
248,ốc thanh,"22 hoàng hoa thám, tân chính, thanh khê, đà nẵng 550000, việt nam",4.1,đà nẵng,nhà hàng,0,16.06998,108.20955
249,mì quảng 1a,"1 hải phòng, thạch thang, hải châu, đà nẵng 550000, việt nam",4.0,đà nẵng,nhà hàng,50000.5,16.07239,108.21912
250,nhà hàng lão đại,"1 võ văn kiệt, an hải bắc, sơn trà, đà nẵng 100000, việt nam",3.9,đà nẵng,nhà hàng,0,16.06191,108.23568
251,yen yakiniku - buffet nướng nhật bản tại đà nẵng cơ sở 2,"38 trần quốc toản, hải châu 1, hải châu, đà nẵng 550000, việt nam",4.6,đà nẵng,nhà hàng,350000,16.06646,108.22207
252,bánh bèo bà bé,"100 hoàng văn thụ, phước ninh, hải châu, đà nẵng 550000, việt nam",4.1,đà nẵng,nhà hàng,50000.5,16.0631,108.21898
253,cơm niêu 3 cá bống,"112 nguyễn tri phương, chính gián, thanh khê, đà nẵng 550000, việt nam",4.0,đà nẵng,nhà hàng,150000,16.06151,108.20434
254,nhà hàng cua biển,"112 võ nguyên giáp, phước mỹ, sơn trà, đà nẵng 550000, việt nam",3.9,đà nẵng,nhà hàng,0,16.07849,108.24564
255,quán bánh xèo miền trung bà tình,"q, 14 hoàng diệu, bình hiên, hải châu, đà nẵng 550000, việt nam",4.5,đà nẵng,nhà hàng,50000.5,16.05887,108.21627
256,bếp hên restaurant,"47 lê hồng phong, phước ninh, hải châu, đà nẵng 84236, việt nam",4.6,đà nẵng,nhà hàng,150000,16.06392,108.22104
257,nhà hàng phì lũ 1,"225 nguyễn chí thanh, hải châu 1, hải châu, đà nẵng 55000, việt nam",4.0,đà nẵng,nhà hàng,150000,16.06708,108.22102
258,mì cay kitachi đà nẵng,"144 ông ích khiêm, tam thuận, thanh khê, đà nẵng 550000, việt nam",4.4,đà nẵng,nhà hàng,50000.5,16.07417,108.21255
259,mít trộn bà già,"kiệt 47 lý thái tổ, thạc gián, thanh khê, đà nẵng 550000, việt nam",4.3,đà nẵng,nhà hàng,50000.5,16.06512,108.20918
260,bánh canh ruộng: bánh canh cá cô cúc,"bùi dương lịch, nại hiên đông, sơn trà, đà nẵng 550000, việt nam",4.5,đà nẵng,nhà hàng,50000.5,16.09001,108.22887
261,cơm niêu nhà đỏ,"176 nguyễn tri phương, thạc gián, thanh khê, đà nẵng 550000, việt nam",3.7,đà nẵng,nhà hàng,150000,16.05962,108.20551
262,nhóp nhép lẩu&nướng,"45 hải phòng, thạch thang, hải châu, đà nẵng 550000, việt nam",3.9,đà nẵng,nhà hàng,150000,16.07217,108.21753
263,cửa hàng ăn uống mậu dịch 1986,"149 hải phòng, thạch thang, hải châu, đà nẵng 550000, việt nam",4.4,đà nẵng,nhà hàng,150000,16.07168,108.21387
264,ẩm thực xèo,"đường võ văn kiệt, an hải bắc, sơn trà, đà nẵng 550000, việt nam",4.2,đà nẵng,nhà hàng,150000,16.06327,108.24192
265,quán ăn chợ lớn,"267 ông ích khiêm, hải châu 2, hải châu, đà nẵng 550000, việt nam",4.0,đà nẵng,nhà hàng,50000.5,16.06883,108.21387
266,tiệm ăn chợ lớn,"232 hoàng diệu, nam dương, hải châu, đà nẵng 55000, việt nam",4.1,đà nẵng,nhà hàng,50000.5,16.06132,108.21725
267,ẩm thực hoàng tín - bánh tráng cuốn thịt heo,"62a nguyễn văn thoại, bắc mỹ phú, ngũ hành sơn, đà nẵng 550000, việt nam",4.1,đà nẵng,nhà hàng,150000,16.05429,108.23982
268,bếp của ngoại so.2,"50 đ. 2 tháng 9, bình hiên, hải châu, đà nẵng 550000, việt nam",4.4,đà nẵng,nhà hàng,150000,16.05759,108.22226
269,quán cơm đà nẵng,"25 hà huy tập, xuân hà, thanh khê, đà nẵng 550000, việt nam",3.8,đà nẵng,nhà hàng,0,16.06952,108.19189
270,nhà hàng hồng ngọc - top-rated vietnamese cuisine foods,"193 nguyễn chí thanh, hải châu 1, hải châu, đà nẵng 550000, việt nam",3.8,đà nẵng,nhà hàng,50000.5,16.0698,108.22133
271,tiệm chay xưa đà nẵng,"373 phan châu trinh, bình thuận, hải châu, đà nẵng 550000, việt nam",4.4,đà nẵng,nhà hàng,50000.5,16.05646,108.21893
272,bánh canh -thu,"78 nguyễn chí thanh, hải châu 1, hải châu, đà nẵng 550000, việt nam",4.5,đà nẵng,nhà hàng,50000.5,16.07299,108.22079
273,cardi pizzeria đà nẵng,"76 đ. 2 tháng 9, bình hiên, hải châu, đà nẵng 550000, việt nam",4.8,đà nẵng,nhà hàng,0,16.05712,108.22206
274,nhà hàng đà nẵng - ho xanh restaurant,"k 1 đỗ quang, vĩnh trung, thanh khê, đà nẵng 550000, việt nam",3.9,đà nẵng,nhà hàng,0,16.06269,108.2128
275,quán cơm bao cấp,"299 nguyễn tất thành, thanh bình, hải châu, đà nẵng 550000, việt nam",4.7,đà nẵng,nhà hàng,50000.5,16.0783,108.20953
276,quán bê thui cầu mống - phương tín,"376 điện biên phủ, hòa khê, thanh khê, đà nẵng 550000, việt nam",4.3,đà nẵng,nhà hàng,150000,16.06618,108.19076
277,xuyên sushi - đà nẵng,"329a phan châu trinh, bình hiên, hải châu, đà nẵng 550000, việt nam",4.8,đà nẵng,nhà hàng,200000,16.0579,108.21908
278,bánh canh ruộng,"20 hà thị thân, an hải trung, sơn trà, đà nẵng 550000, việt nam",4.1,đà nẵng,nhà hàng,50000.5,16.05873,108.23178
279,nhà hàng đồ ăn thái - thai market restaurant - yên bái,"124 yên bái, phước ninh, hải châu, đà nẵng 551000, việt nam",4.3,đà nẵng,nhà hàng,150000,16.06513,108.22228
280,"cơm gà tài ký - quán cơm gà ngon uy tín, giá bình dân tại đà nẵng","188 đ. nguyễn hoàng, nam dương, hải châu, đà nẵng 550000, việt nam",4.3,đà nẵng,nhà hàng,50000.5,16.06086,108.21356
281,"nhà hàng cơm niêu, quán ăn ngon gần đây - niêu đỏ restaurant","81 võ văn kiệt, an hải, sơn trà, đà nẵng 550000, việt nam",3.8,đà nẵng,nhà hàng,150000,16.06279,108.24249
282,bún thịt nướng bà trai,"194 đống đa, thuận phước, hải châu, đà nẵng 550000, việt nam",4.3,đà nẵng,nhà hàng,50000.5,16.07872,108.21719
283,quán phở cồ long,"48 lê đình dương, phước ninh, hải châu, đà nẵng 550000, việt nam",4.5,đà nẵng,nhà hàng,50000.5,16.06139,108.22091
284,gyu sachi - nhà hàng nướng nhật ngưu hạnh,"54-56 quang trung, thạch thang, hải châu, đà nẵng 50000, việt nam",4.6,đà nẵng,nhà hàng,250000,16.07505,108.22075
285,đà nẵng cơm chay,"31 6 mẹ nhu, thanh khê tây, thanh khê, đà nẵng 550000, việt nam",4.3,đà nẵng,nhà hàng,150000,16.06626,108.18072
286,don chicken,"209 đ. nguyễn văn linh, vĩnh trung, thanh khê, đà nẵng 550000, việt nam",4.1,đà nẵng,nhà hàng,150000,16.06008,108.21345
287,cơm hến thanh,"158 huỳnh thúc kháng, bình hiên, hải châu, đà nẵng 550000, việt nam",4.2,đà nẵng,nhà hàng,50000.5,16.05789,108.21803
288,phá lấu cu mập,"245 hải phòng, tân chính, thanh khê, đà nẵng 550000, việt nam",4.8,đà nẵng,nhà hàng,50000.5,16.0711,108.21067
289,"hoa viên restaurant - 100 tiểu la, đà nẵng","100 tiểu la, hòa thuận nam, hải châu, đà nẵng 550000, việt nam",3.9,đà nẵng,nhà hàng,350000,16.04453,108.21268
290,quán ăn dim sum,"45a ng. gia tự, hải châu 1, hải châu, đà nẵng 550000, việt nam",4.4,đà nẵng,nhà hàng,150000,16.06907,108.21769
291,nhà hàng chay hương sen,"73 lê đình lý, vĩnh trung, thanh khê, đà nẵng 550000, việt nam",4.5,đà nẵng,nhà hàng,50000.5,16.05746,108.21162
292,cơm hến hoàng diệu - đà nẵng,"37 kiệt 356 hoàng diệu, bình thuận, hải châu, đà nẵng 550000, việt nam",4.5,đà nẵng,nhà hàng,50000.5,16.05635,108.21595
293,phở cù hà nội - quán phở ngon uy tín chất lượng tại đà nẵng,"5, trần quốc toản/187 trần phú, đà nẵng, việt nam",4.3,đà nẵng,nhà hàng,50000.5,16.06594,108.22376
294,nhà hàng chay phúc an,"547 nguyễn tất thành, p, thanh khê, đà nẵng 50503, việt nam",4.7,đà nẵng,nhà hàng,150000,16.07373,108.20324
295,bún chả cá 109,"109 nguyễn chí thanh, hải châu 1, hải châu, đà nẵng 550000, việt nam",4.2,đà nẵng,nhà hàng,50000.5,16.07442,108.22081
296,bê thui mười cầu mống,"138 nguyễn tri phương, thạc gián, thanh khê, đà nẵng 550000, việt nam",4.3,đà nẵng,nhà hàng,150000,16.06087,108.20486
297,quán ăn ngon đà nẵng ẩm thực gánh,"202 phan đăng lưu, hoà cường bắc, cẩm lệ, đà nẵng 550000, việt nam",3.9,đà nẵng,nhà hàng,50000.5,16.03644,108.21233
298,quán đông phương,"255 nguyễn tất thành, thanh bình, hải châu, đà nẵng 551580, việt nam",3.9,đà nẵng,nhà hàng,0,16.07918,108.21035
299,quán xuân,"469 hải phòng, chính gián, thanh khê, đà nẵng 550000, việt nam",4.0,đà nẵng,nhà hàng,50000.5,16.06782,108.20513
300,nhà hàng cơm niêu việt,"102 nguyễn tri phương, chính gián, thanh khê, đà nẵng 550000, việt nam",3.8,đà nẵng,nhà hàng,150000,16.06172,108.20434
301,bún thịt nướng kim anh gia truyền (hoàng diệu) bếp hiệp - không chi nhánh - quán bún thịt nướng ngon uy tín tại đà nẵng,"63 huỳnh thúc kháng, nam dương, hải châu, đà nẵng 550000, việt nam",4.6,đà nẵng,nhà hàng,50000.5,16.05975,108.21835
302,papa steak restaurant,"225 điện biên phủ, chính gián, thanh khê, đà nẵng 550000, việt nam",4.4,đà nẵng,nhà hàng,150000,16.06541,108.19532
303,tư hề quán,"k408/h5, hoàng diệu, phước ninh, hải châu, đà nẵng 550000, việt nam",4.4,đà nẵng,nhà hàng,0,16.05459,108.21694
304,nhà hàng mai châu đà nẵng - ẩm thực sapa tây bắc,"55 hồ nghinh, phước mỹ, sơn trà, đà nẵng 550000, việt nam",4.5,đà nẵng,nhà hàng,0,16.07641,108.2431
305,chè xuân trang đà nẵng,"197 hùng vương, hải châu 2, hải châu, đà nẵng 550000, việt nam",3.9,đà nẵng,nhà hàng,0,16.06748,108.21569
306,tiệm ăn quốc dân -thái food- ẩm thực thái lan-lẩu & nướng - cơm vp,"391/22 đ. nguyễn văn linh, thạc gián, thanh khê, đà nẵng 550000, việt nam",3.4,đà nẵng,nhà hàng,150000,16.05799,108.20692
307,bún bò huế bà thương,"23 trần quốc toản, hải châu 1, hải châu, đà nẵng 550000, việt nam",4.0,đà nẵng,nhà hàng,50000.5,16.06611,108.22306
308,quán ăn nguyệt quán,"589 - 591 nguyễn tất thành, xuân hà, thanh khê, đà nẵng 550000, việt nam",4.1,đà nẵng,nhà hàng,250000,16.07353,108.20256
309,quán ăn vặt - thùy dương,"12 ông ích khiêm, thanh bình, hải châu, đà nẵng 550000, việt nam",3.2,đà nẵng,nhà hàng,50000.5,16.07814,108.21114
310,bánh cuốn tiến hưng,"190 trần phú, phước ninh, hải châu, đà nẵng 550000, việt nam",4.0,đà nẵng,nhà hàng,50000.5,16.06462,108.22339
311,tiệm ăn đường triều,"200 hoàng diệu, nam dương, hải châu, đà nẵng 550000, việt nam",3.8,đà nẵng,nhà hàng,50000.5,16.06196,108.21742
312,dân dã quán,"265 đ. nguyễn văn linh, thạc gián, thanh khê, đà nẵng 50313, việt nam",4.0,đà nẵng,nhà hàng,150000,16.05992,108.21224
313,gỏi cá 6 hào,"232 trần cao vân, tam thuận, thanh khê, đà nẵng 550000, việt nam",4.3,đà nẵng,nhà hàng,50000.5,16.07201,108.20596
314,the thai cuisine,"lô a26, đ. 2 tháng 9, bình hiên, hải châu, đà nẵng 550000, việt nam",4.0,đà nẵng,nhà hàng,200000,16.0571,108.22239
315,cơm gà hoàng yến,"429 điện biên phủ, hòa khê, thanh khê, đà nẵng 550000, việt nam",4.1,đà nẵng,nhà hàng,50000.5,16.06561,108.18854
316,pink salt restaurant,"79 hà bổng, phước mỹ, sơn trà, đà nẵng 50000, việt nam",4.9,đà nẵng,nhà hàng,0,16.06691,108.24451
317,mì quảng bà lữ,"8 kiệt 90 đ. nguyễn văn linh, nam dương, hải châu, đà nẵng 550000, việt nam",4.1,đà nẵng,nhà hàng,50000.5,16.06072,108.21547
318,mì quảng ếch bếp trang,"212 bạch đằng, phước ninh, hải châu, đà nẵng 550000, việt nam",3.8,đà nẵng,nhà hàng,150000,16.06513,108.22409
319,quán hạnh,"11-15 đường phó đức chính, phú hội, huế, thừa thiên huế, việt nam",4.3,thừa thiên huế,nhà hàng,150000,16.46644,107.59523
320,nhà hàng không gian xưa minh mạng,"98 minh mạng, thủy xuân, huế, thừa thiên huế 350000, việt nam",4.1,thừa thiên huế,nhà hàng,150000,16.43028,107.57953
321,nhà hàng cơm niêu khải hoàn,"90-94 lê lợi, phú hội, huế, thừa thiên huế 12345, việt nam",4.7,thừa thiên huế,nhà hàng,150000,16.47112,107.59485
322,les jardins de la carambole - nhà hàng vườn khế,"32 đặng trần côn, thuận hoà, huế, thừa thiên huế, việt nam",4.6,thừa thiên huế,nhà hàng,0,16.46505,107.57565
323,nhà hàng bánh gánh,"51a võ thị sáu, phú hội, huế, thừa thiên huế 49118, việt nam",4.8,thừa thiên huế,nhà hàng,150000,16.4702,107.59584
324,nhà hàng nổi sông hương,"công viên, 3/2 lê lợi, phú hội, huế, thừa thiên huế 530000, việt nam",4.0,thừa thiên huế,nhà hàng,0,16.46911,107.59097
325,cơm hến bà cam,"49 tùng thiện vương, vỹ dạ, huế, thừa thiên huế 49000, việt nam",4.3,thừa thiên huế,nhà hàng,50000.5,16.48343,107.60047
326,"an lagoon seafood master - nhà hàng hải sản lăng cô, huế","nguyễn văn lập an, phú lộc, thừa thiên huế, việt nam",4.4,thừa thiên huế,nhà hàng,0,16.23952,108.07713
327,quán cơm huế o én,"1 trần thúc nhẫn, vĩnh ninh, huế, thừa thiên huế, việt nam",4.7,thừa thiên huế,nhà hàng,50000.5,16.45843,107.58233
328,cozy restaurant ( huế ),"6/27 hà nội, phú nhuận, huế, thừa thiên huế, việt nam",4.7,thừa thiên huế,nhà hàng,50000.5,16.46404,107.5935
329,burger ngon hue,"48 chu văn an, phú hội, huế, thừa thiên huế 530000, việt nam",4.9,thừa thiên huế,nhà hàng,150000,16.46892,107.59591
330,nhà hàng cung đình,"03 nguyễn sinh sắc, vỹ dạ, huế, thừa thiên huế, việt nam",4.1,thừa thiên huế,nhà hàng,0,16.47572,107.60019
331,risotto restaurant,"69 võ thị sáu, phú hội, huế, thừa thiên huế 49000, việt nam",4.7,thừa thiên huế,nhà hàng,150000,16.47088,107.59604
332,nhà hàng hải sản bé thân - lăng cô,"lăng cô - chân mây, phú lộc, thừa thiên huế 52000, việt nam",4.1,thừa thiên huế,nhà hàng,0,16.24385,108.07463
333,cơm hến 17 hàn mặc tử,"17 hàn mặc tử, vỹ dạ, huế, thừa thiên huế 52000, việt nam",4.1,thừa thiên huế,nhà hàng,50000.5,16.47403,107.59671
334,tinh gia vien restaurant,"7 kiet 28 lê thánh tôn, phú hậu, huế, thừa thiên huế, việt nam",4.2,thừa thiên huế,nhà hàng,350000,16.4731,107.58482
335,nhà hàng biệt phủ thảo nhi ( biet phu thao nhi restaurant),"minh mạng, thủy bằng, huế, thừa thiên huế, việt nam",4.1,thừa thiên huế,nhà hàng,150000,16.40966,107.58812
336,nhà hàng chay sân mây,"8 thanh tịnh, vỹ dạ, huế, thừa thiên huế, việt nam",4.6,thừa thiên huế,nhà hàng,50000.5,16.4826,107.59717
337,không gian xưa,"205 điện biên phủ, trường an, huế, thừa thiên huế, việt nam",3.8,thừa thiên huế,nhà hàng,150000,16.4474,107.58178
338,bánh bèo nậm lọc bà đỏ,"8 nguyễn bỉnh khiêm, phú hiệp, huế, thừa thiên huế, việt nam",4.0,thừa thiên huế,nhà hàng,150000,16.48238,107.58946
339,bistro la carambole,"18 võ thị sáu, phú hội, huế, thừa thiên huế, việt nam",4.5,thừa thiên huế,nhà hàng,0,16.46988,107.59597
340,đầm chuồn - hương quán ( huế),"gj9v+7rj, đường đê tây, phá đông, phú vang, thừa thiên huế, việt nam",4.0,thừa thiên huế,nhà hàng,0,16.51822,107.64451
341,vườn ý thảo,"03 đường thạch hãn, thuận hoà, huế, thừa thiên huế, việt nam",4.3,thừa thiên huế,nhà hàng,0,16.46803,107.56702
342,cơm hến ngon,"7 ưng bình, vỹ dạ, huế, thừa thiên huế, việt nam",4.3,thừa thiên huế,nhà hàng,50000.5,16.48197,107.59397
343,quán nina cafe,"16 34 nguyễn tri phương, phú hội, huế, thừa thiên huế 530000, việt nam",4.7,thừa thiên huế,nhà hàng,150000,16.46431,107.59273
344,bánh mì trường tiền o tho,"14 trần cao vân, phú hội, huế, thừa thiên huế, việt nam",4.4,thừa thiên huế,nhà hàng,50000.5,16.46543,107.59164
345,phở ngon hue,"46 chu văn an, phú hội, huế, thừa thiên huế 49000, việt nam",4.9,thừa thiên huế,nhà hàng,50000.5,16.46902,107.5959
346,hottuna restaurant - nha hang hottuna,"37 võ thị sáu, phú hội, huế, thừa thiên huế, việt nam",4.3,thừa thiên huế,nhà hàng,150000,16.46931,107.59562
347,quán ăn món huế,thực đơn,5.0,thừa thiên huế,nhà hàng,0,16.45339,107.57711
348,bánh ép huệ,"118 lê ng. cát, thủy xuân, huế, thừa thiên huế, việt nam",4.5,thừa thiên huế,nhà hàng,50000.5,16.43588,107.56301
349,bún bò bà nga,"62 nguyễn chí diểu, phú hậu, huế, thừa thiên huế, việt nam",4.5,thừa thiên huế,nhà hàng,50000.5,16.47463,107.58276
350,nook eatery-breakfast to burgers,"kiệt 33 kiệt 42 nguyễn công trứ, phú hội, huế, thừa thiên huế 530000, việt nam",4.7,thừa thiên huế,nhà hàng,150000,16.46978,107.59708
351,madam thu 2 - hue restaurant,"04 võ thị sáu, phú hội, huế, thừa thiên huế 530000, việt nam",4.8,thừa thiên huế,nhà hàng,150000,16.46881,107.59551
352,quán ốc minh nghĩa,"253 phan bội châu, trường an, huế, thừa thiên huế, việt nam",4.0,thừa thiên huế,nhà hàng,50000.5,16.44105,107.58366
353,tiệm cơm âm phủ,"51 nguyễn thái học, phú hội, huế, thừa thiên huế, việt nam",2.6,thừa thiên huế,nhà hàng,150000,16.46807,107.59867
354,bánh khoái hồng mai,"110 đinh tiên hoàng, phú hậu, huế, thừa thiên huế 530000, việt nam",4.4,thừa thiên huế,nhà hàng,50000.5,16.47465,107.58059
355,le cercle hue,"11 lê lợi, vĩnh ninh, huế, thừa thiên huế 530000, việt nam",4.6,thừa thiên huế,nhà hàng,0,16.46465,107.58686
356,nem lụi bà tý,"81 đào duy từ, tổ 1, huế, thừa thiên huế, việt nam",4.2,thừa thiên huế,nhà hàng,50000.5,16.47998,107.58338
357,quán cẩm - bún bò huế,"45 lê lợi, phú hội, huế, thừa thiên huế, việt nam",3.9,thừa thiên huế,nhà hàng,50000.5,16.47007,107.59355
358,c'beer huế | nhà hàng món ngon huế | món ngon huế,"25 hai bà trưng, vĩnh ninh, huế, thừa thiên huế 520000, việt nam",4.1,thừa thiên huế,nhà hàng,0,16.46078,107.5901
359,spice viet hue restaurant,"15 lý thường kiệt, phú nhuận, huế, thừa thiên huế, việt nam",4.5,thừa thiên huế,nhà hàng,250000,16.46082,107.59158
360,nhà hàng ngọc anh,"133 nguyễn sinh cung, vỹ dạ, huế, thừa thiên huế, việt nam",4.0,thừa thiên huế,nhà hàng,0,16.48083,107.59545
361,little italy restaurant,"10 nguyễn thái học, phú hội, huế, thừa thiên huế, việt nam",4.0,thừa thiên huế,nhà hàng,150000,16.46795,107.59546
362,thúy - bánh canh nam phổ,"16 phạm hồng thái, vĩnh ninh, huế, thừa thiên huế, việt nam",4.2,thừa thiên huế,nhà hàng,50000.5,16.46491,107.58916
363,cococlub hue restaurant brasserie vietnamese & western,"53 hàm nghi, phước vĩnh, huế, thừa thiên huế, việt nam",4.5,thừa thiên huế,nhà hàng,0,16.45336,107.59034
364,zucca restaurant,"15 chu văn an, phú hội, huế, thừa thiên huế 530000, việt nam",4.7,thừa thiên huế,nhà hàng,150000,16.47012,107.59522
365,nhà hàng chay an nhiên,"kiệt 1 văn cao, xuân phú, huế, thừa thiên huế, việt nam",4.2,thừa thiên huế,nhà hàng,50000.5,16.468,107.60102
366,đặc sản số 1 chính gốc bún bò huế,"19 lý thường kiệt, phú nhuận, huế, thừa thiên huế, việt nam",3.9,thừa thiên huế,nhà hàng,50000.5,16.4614,107.59144
367,nhà hàng le parfum,"5 lê lợi, street, huế, thừa thiên huế 530000, việt nam",4.7,thừa thiên huế,nhà hàng,1000000,16.45952,107.58011
368,cơm hến hoà đồng,"kiet 7 ưng bình tổ 19, vỹ dạ, huế, thừa thiên huế, việt nam",4.3,thừa thiên huế,nhà hàng,0,16.48035,107.594
369,quán ăn dân tộc 79 rất ngon,"7732+65j, đ. hồ chí minh, a lưới, thừa thiên huế, việt nam",4.6,thừa thiên huế,nhà hàng,50000.5,16.25308,107.25038
370,quán đức anh :cơm và các món hải sản tươi ngon,"72c7+7q2, ql1a, lộc tiến, phú lộc, thừa thiên huế, việt nam",4.2,thừa thiên huế,nhà hàng,50000.5,16.27062,108.01431
371,nhà hàng chay liên hoa,"số 03 lê quý đôn, phú nhuận, huế, thừa thiên huế, việt nam",4.0,thừa thiên huế,nhà hàng,50000.5,16.46494,107.59727
372,bờ sông quán,"thôn phú lợi xã bình tiến thị xã hương trà, huế, thừa thiên huế, việt nam",4.4,thừa thiên huế,nhà hàng,0,16.34582,107.50553
373,bánh canh ngon,"32 phạm hồng thái, vĩnh ninh, huế, thừa thiên huế, việt nam",4.5,thừa thiên huế,nhà hàng,0,16.46456,107.58962
374,nhà hàng làng an việt,"ch8h+3mg, thủy bằng, hương thủy, thừa thiên huế, việt nam",4.1,thừa thiên huế,nhà hàng,150000,16.41519,107.5792
375,nhà hàng huế ngon,"10 lê minh, an đông, huế, thừa thiên huế 530000, việt nam",4.4,thừa thiên huế,nhà hàng,0,16.461,107.60551
376,quán cơm hoa châu,"52 trần thúc nhẫn, vĩnh ninh, huế, thừa thiên huế, việt nam",5.0,thừa thiên huế,nhà hàng,0,16.4559,107.58341
377,quán cơm huế,"43 chu văn an, phú hội, huế, thừa thiên huế, việt nam",4.0,thừa thiên huế,nhà hàng,0,16.46859,107.59653
378,quán ăn món huế,"39 nguyễn thái học, phú hội, huế, thừa thiên huế, việt nam",4.0,thừa thiên huế,nhà hàng,0,16.46815,107.59796
379,junrei restaurant at the pilgrimage village,"130 minh mạng, thủy xuân, huế, thừa thiên huế, việt nam",4.2,thừa thiên huế,nhà hàng,550000,16.42546,107.57852
380,quán cơm a phiến huế,"24 trần thúc nhẫn, vĩnh ninh, huế, thừa thiên huế, việt nam",3.9,thừa thiên huế,nhà hàng,0,16.4574,107.58261
381,quán ngon 72,"2 trần cao vân, vĩnh ninh, huế, thừa thiên huế, việt nam",4.5,thừa thiên huế,nhà hàng,0,16.46285,107.58874
382,bún bò mệ kéo,"20 bạch đằng, tổ 19, huế, thừa thiên huế, việt nam",4.1,thừa thiên huế,nhà hàng,50000.5,16.47505,107.5887
383,đồ ăn ngon,"38 chu văn an, phú hội, huế, thừa thiên huế, việt nam",5.0,thừa thiên huế,nhà hàng,0,16.46938,107.59551
384,ăn tối ở huế,"22 nguyễn sinh sắc, vỹ dạ, huế, thừa thiên huế, việt nam",2.8,thừa thiên huế,nhà hàng,0,16.47587,107.60358
385,quán huế t&c food,"46 hải phòng, thạch thang, hải châu, đà nẵng 550000, việt nam",5.0,thừa thiên huế,nhà hàng,50000.5,16.07258,108.21911
386,bún bò o phụng - chú vọng,"14 nguyễn du, phú cát, huế, thừa thiên huế 49000, việt nam",4.2,thừa thiên huế,nhà hàng,50000.5,16.47921,107.58911
387,bún bò mụ rơi (bui tre vàng),"1-48 nguyễn chí diểu, phú hậu, huế, thừa thiên huế, việt nam",4.2,thừa thiên huế,nhà hàng,50000.5,16.47497,107.583
388,quán ăn đặc sản xứ huế nhỏ,"28 phạm hồng thái, vĩnh ninh, huế, thừa thiên huế, việt nam",Chưa xét,thừa thiên huế,nhà hàng,0,16.46459,107.58936
389,nhà hàng huế,"xuân hoà, hương thủy, thừa thiên huế 530000, việt nam",5.0,thừa thiên huế,nhà hàng,0,16.47818,107.60573
390,nhà hàng nhân ánh (bình điền ),"xã bình điền ,huyện, hương trà, thừa thiên huế 535390, việt nam",4.0,thừa thiên huế,nhà hàng,150000,16.35259,107.50706
391,bánh canh nam phổ,"54 nguyễn công trứ tổ 15, phú hội, huế, thừa thiên huế, việt nam",3.4,thừa thiên huế,nhà hàng,50000.5,16.47092,107.59789
392,quán bánh bèo bánh nậm hàng me,"53 võ thị sáu, phú hội, huế, thừa thiên huế, việt nam",3.8,thừa thiên huế,nhà hàng,0,16.4702,107.59574
393,quán huế ngon -다낭최고의 로컬 bbq 레스토랑- best local food in da nang-,"65 trần quốc toản, phước ninh, hải châu, đà nẵng 550000, việt nam",4.0,thừa thiên huế,nhà hàng,200000,16.06623,108.22129
394,alma restaurant,"50a hùng vương, street, ward, thừa thiên huế, việt nam",5.0,thừa thiên huế,nhà hàng,0,16.46309,107.59434
395,quán ăn ngự uyển,"6 nguyễn huệ, vĩnh ninh, huế, thừa thiên huế, việt nam",Chưa xét,thừa thiên huế,nhà hàng,0,16.45802,107.58099
396,quán cơm gia đình - món huế - tôn nữ quán,"383/9 hải phòng, tân chính, thanh khê, đà nẵng 550000, việt nam",4.4,thừa thiên huế,nhà hàng,50000.5,16.06984,108.20614
397,quán bún hến ngon,"fh4g+4r9, phường đúc, huế, thừa thiên huế, việt nam",5.0,thừa thiên huế,nhà hàng,0,16.45529,107.57711
398,cơm huế như,"20 thái phiên, phước ninh, hải châu, đà nẵng 550000, việt nam",4.4,thừa thiên huế,nhà hàng,50000.5,16.06515,108.2231
399,cơm huế 22 thái phiên xưa- since 1993,"22 thái phiên, phước ninh, hải châu, đà nẵng 550000, việt nam",3.3,thừa thiên huế,nhà hàng,50000.5,16.06505,108.22306
400,món ngon huế,"30 đ. chi lăng, vĩnh ninh, huế, thừa thiên huế 52000, việt nam",Chưa xét,thừa thiên huế,nhà hàng,0,16.47523,107.58947
401,quán bà ngọc huế,"228 đống đa, thuận phước, hải châu, đà nẵng 550000, việt nam",3.8,thừa thiên huế,nhà hàng,50000.5,16.07761,108.21642
402,cơm hến huế,"1 an thượng 21, bắc mỹ phú, ngũ hành sơn, đà nẵng 550000, việt nam",4.4,thừa thiên huế,nhà hàng,50000.5,16.05339,108.23915
403,"ngon, rẻ!!!!!","2 hải triều, an cựu, huế, thừa thiên huế, việt nam",Chưa xét,thừa thiên huế,nhà hàng,0,16.45658,107.60062
404,tiệm ăn món huế,"334 đống đa, thanh bình, hải châu, đà nẵng 550000, việt nam",4.3,thừa thiên huế,nhà hàng,150000,16.07499,108.21468
405,bà nà hills,"thôn an sơn, hòa vang, đà nẵng, việt nam",4.6,đà nẵng,địa điểm du lịch,559680,15.99514,107.99614
406,ngũ hành sơn,"81 huyền trân công chúa, hoà hải, ngũ hành sơn, đà nẵng 550000, việt nam",4.3,đà nẵng,địa điểm du lịch,37920,16.00348,108.26458
407,da nang downtown,"đ. 2 tháng 9, hoà cường bắc, hải châu, đà nẵng 550000, việt nam",4.4,đà nẵng,địa điểm du lịch,142320,16.04121,108.22563
408,bảo tàng điêu khắc chăm đà nẵng,"số 02 đ. 2 tháng 9, bình hiên, hải châu, đà nẵng 550000, việt nam",4.2,đà nẵng,địa điểm du lịch,56880,16.0603,108.22327
409,hòa phú thành tourist - trượt thác đà nẵng,"hoà phú, hòa vang, đà nẵng, việt nam",4.4,đà nẵng,địa điểm du lịch,0,15.95776,107.9917
410,cầu tình yêu đà nẵng,"đ. trần hưng đạo, an hải, sơn trà, đà nẵng 550000, việt nam",4.5,đà nẵng,địa điểm du lịch,0,16.06321,108.22959
411,vòng quay mặt trời (sun wheel),"1 phan đăng lưu, hoà cường bắc, hải châu, đà nẵng, việt nam",4.5,đà nẵng,địa điểm du lịch,142320,16.04016,108.22852
412,ghềnh bàng,"hoàng sa, thọ quang, sơn trà, vietnam, đà nẵng, việt nam",4.5,đà nẵng,địa điểm du lịch,0,16.11243,108.31163
413,tượng cá chép hóa rồng,"đ. trần hưng đạo, an hải, sơn trà, đà nẵng 550000, việt nam",4.5,đà nẵng,địa điểm du lịch,0,16.06291,108.22982
414,đỉnh bàn cờ,"bàn cờ, thọ quang, sơn trà, đà nẵng, việt nam",4.6,đà nẵng,địa điểm du lịch,0,16.11894,108.27198
415,bãi tắm non nước,"273c+42, ngũ hành sơn, đà nẵng 550000, việt nam",4.5,đà nẵng,địa điểm du lịch,0,16.00279,108.26997
416,hải đăng tiên sa,"thọ quang, sơn trà, đà nẵng, việt nam",4.4,đà nẵng,địa điểm du lịch,0,16.13969,108.32206
417,hồ xanh đà nẵng,"37x9+f68, hồ xanh, thọ quang, sơn trà, đà nẵng, việt nam",4.3,đà nẵng,địa điểm du lịch,0,16.09867,108.26806
418,bảo tàng 3d art in paradise,"lô 10, trần nhân tông, thọ quang, sơn trà, đà nẵng, việt nam",4.3,đà nẵng,địa điểm du lịch,0,16.09543,108.24311
419,nhà vọng cảnh,"nhà vọng cảnh, thọ quang, sơn trà, đà nẵng, việt nam",4.5,đà nẵng,địa điểm du lịch,0,16.13511,108.24538
420,hot springs park - công viên suối khoáng nóng núi thần tài đà nẵng,"ql14g, hoà phú, hòa vang, đà nẵng 550000, việt nam",4.3,đà nẵng,địa điểm du lịch,379440,15.96785,108.01981
421,bến du thuyền sông hàn đà nẵng,"26 bạch đằng, thạch thang, hải châu, đà nẵng 550000, việt nam",4.3,đà nẵng,địa điểm du lịch,0,16.07914,108.22428
422,làng bích họa đà nẵng,"366c+72j, kiệt 75 nguyễn văn linh, phước ninh, hải châu, đà nẵng 550000, việt nam",4,đà nẵng,địa điểm du lịch,0,16.06072,108.22001
423,điểm đầu trượt thác hoà phú thành,"ql14g, hoà phú, hòa vang, đà nẵng, việt nam",4.3,đà nẵng,địa điểm du lịch,0,15.95543,107.98047
424,cầu trần thị lý,"trần thị lý, hòa cường, đà nẵng, 550000, việt nam",4.8,đà nẵng,địa điểm du lịch,0,16.05023,108.22973
425,cầu đi bộ nguyễn văn trỗi,"nguyễn văn trỗi bridge, bắc mỹ phú, sơn trà, đà nẵng 550000, việt nam",4.5,đà nẵng,địa điểm du lịch,0,16.05108,108.22906
426,du lịch đà nẵng hội an,"7 lê văn thứ, mân thái, sơn trà, đà nẵng 550000, việt nam",4.6,đà nẵng,địa điểm du lịch,0,16.08523,108.2443
427,giếng trời,"hoà ninh, hòa vang, đà nẵng, việt nam",4.3,đà nẵng,địa điểm du lịch,0,16.03476,107.99092
428,mũi nghê,"thọ quang, sơn trà, đà nẵng, việt nam",4.7,đà nẵng,địa điểm du lịch,0,16.11862,108.33687
429,suối lương - hai van park,"suối lương, hoà hiệp bắc, liên chiểu, đà nẵng, việt nam",3.9,đà nẵng,địa điểm du lịch,0,16.15662,108.10932
430,cầu sông hàn,"36cg+rpx, cầu sông hàn, an hải, sơn trà, đà nẵng 550000, việt nam",4.6,đà nẵng,địa điểm du lịch,0,16.07212,108.22685
431,biển mỹ khê,"võ nguyên giáp, hoà hải, ngũ hành sơn, đà nẵng 550000, việt nam",4.5,đà nẵng,địa điểm du lịch,0,16.06432,108.24655
432,công viên kỳ quan,"01 lê văn duyệt, nại hiên đông, sơn trà, đà nẵng 590000, việt nam",4.4,đà nẵng,địa điểm du lịch,0,16.09882,108.22441
433,lễ hội pháo hoa quốc tế đà nẵng 2023,"đ. trần hưng đạo, nại hiên đông, sơn trà, đà nẵng 550000, việt nam",4.7,đà nẵng,địa điểm du lịch,0,16.08261,108.22868
434,bảo tàng đà nẵng,"24 trần phú, thạch thang, hải châu, đà nẵng 550000, việt nam",4,đà nẵng,địa điểm du lịch,18960,16.07645,108.22149
435,bãi rêu nam ô,"449j+526, nam ô 1, liên chiểu, đà nẵng, việt nam",4.5,đà nẵng,địa điểm du lịch,0,16.11791,108.13001
436,bay dù đà nẵng,"4724+gq4, hoàng sa, thọ quang, sơn trà, đà nẵng, việt nam",4.5,đà nẵng,địa điểm du lịch,0,16.10126,108.25695
437,bãi nam,"473x+vj5, hoàng sa, thọ quang, sơn trà, đà nẵng, việt nam",4.4,đà nẵng,địa điểm du lịch,0,16.10465,108.2991
438,dhc marina,"367h+pw4, đ. trần hưng đạo, an hải, sơn trà, đà nẵng 550000, việt nam",4.1,đà nẵng,địa điểm du lịch,0,16.06425,108.22982
439,di tích thành điện hải,"36gc+hr5, đ. thành điện hải, thạch thang, hải châu, đà nẵng 550000, việt nam",4.6,đà nẵng,địa điểm du lịch,0,16.07639,108.22212
440,làng toom sara đà nẵng,"phú túc, hòa vang, đà nẵng, việt nam",4.4,đà nẵng,địa điểm du lịch,94800,15.95742,107.99497
441,suối mơ khe răm,"43wh+g6r, hoà bắc, hòa vang, đà nẵng, việt nam",4.8,đà nẵng,địa điểm du lịch,0,16.14636,108.07801
442,đỉnh núi chúa,"xxxp+27m, hoà phú, hòa vang, đà nẵng, việt nam",4.6,đà nẵng,địa điểm du lịch,0,15.99759,107.98568
443,cầu rồng,"29 cầu rồng, an hải trung, sơn trà, đà nẵng 550000, việt nam",4.6,đà nẵng,địa điểm du lịch,0,16.06116,108.22957
444,khu du lịch sinh thái lái thiêu,"hoà phú, hòa vang, đà nẵng, việt nam",3.8,đà nẵng,địa điểm du lịch,0,15.9562,107.97547
445,cây thông cô đơn,"đèo hải vân, hoà hiệp bắc, liên chiểu, đà nẵng, việt nam",4.6,đà nẵng,địa điểm du lịch,0,16.16886,108.12631
446,khu du lịch sinh thái thủy tiên,"hoà hiệp bắc, liên chiểu, đà nẵng, việt nam",3.7,đà nẵng,địa điểm du lịch,0,16.15983,108.1073
447,suối hải đăng,"unnamed road, hoà hiệp bắc, hòa vang, đà nẵng, việt nam",4.3,đà nẵng,địa điểm du lịch,0,16.14431,108.07466
448,chùa quán thế âm,"48 sư vạn hạnh, hoà hải, ngũ hành sơn, đà nẵng 550000, việt nam",4.7,đà nẵng,địa điểm du lịch,0,15.99875,108.25514
449,vé bà nà hills,"22gm+672, thôn an sơn, hòa vang, đà nẵng 550000, việt nam",4.4,đà nẵng,địa điểm du lịch,0,16.02552,108.03315
450,biển phước mỹ,"36cw+4jq, võ nguyên giáp, sơn trà, đà nẵng 550000, việt nam",4.8,đà nẵng,địa điểm du lịch,0,16.07033,108.24662
451,khu du lịch sinh thái suối rạng,"474v+98j, hoàng sa, thọ quang, sơn trà, đà nẵng, việt nam",3.9,đà nẵng,địa điểm du lịch,0,16.10596,108.29327
452,bãi yên ngựa,"46xp+535, thọ quang, sơn trà, đà nẵng, việt nam",4.2,đà nẵng,địa điểm du lịch,0,16.14789,108.23522
453,cánh đồng hoa hướng dương đà nẵng,"w4rx+h4m, thôn phú sơn nam, hoà khương, hòa vang, đà nẵng, việt nam",4.5,đà nẵng,địa điểm du lịch,0,15.94147,108.1478
454,thác thần mặt trời,"xxxq+95c, hoà phú, hòa vang, đà nẵng, việt nam",4.6,đà nẵng,địa điểm du lịch,0,15.99843,107.98788
455,khu du lịch sinh thái hoà phong,"x4hc+p8h, cẩm toại tây, hoà phong, hòa vang, đà nẵng, việt nam",4.6,đà nẵng,địa điểm du lịch,0,15.97932,108.12085
456,bãi tắm thọ quang,"37x4+m56, hoàng sa, thọ quang, sơn trà, đà nẵng, việt nam",4.5,đà nẵng,địa điểm du lịch,0,16.09917,108.2554
457,động huyền không,"2736+wm6, hòn thủy sơn, hoà hải, ngũ hành sơn, đà nẵng 550000, việt nam",4.7,đà nẵng,địa điểm du lịch,0,16.00478,108.26165
458,khu du lịch sinh thái suối hoa,"ql14g, hoà phú, hòa vang, đà nẵng, việt nam",3.5,đà nẵng,địa điểm du lịch,0,15.95841,107.99502
459,khu sinh thái mẹ ken,"thôn trung nghĩa, hoà ninh, hòa vang, đà nẵng, việt nam",4.9,đà nẵng,địa điểm du lịch,0,16.04657,108.05861
460,khu du lịch sinh thái khe suối cày,"khe suối cày đà nẵng, đà nẵng, việt nam",4,đà nẵng,địa điểm du lịch,0,16.14659,108.02015
461,bảo tàng mỹ thuật đà nẵng,"78 đ. lê duẩn, thạch thang, hải châu, đà nẵng 550000, việt nam",4.4,đà nẵng,địa điểm du lịch,0,16.07119,108.21794
462,kinh thành huế,"huế, thừa thiên huế, việt nam",4.5,thừa thiên huế,địa điểm du lịch,189840,16.47694,107.57396
463,đồi vọng cảnh,"102 huyền trân công chúa, thủy biều, huế, thừa thiên huế, việt nam",4.6,thừa thiên huế,địa điểm du lịch,0,16.42725,107.56522
464,trường du tạ,"75 lê huân, phú hậu, huế, thừa thiên huế, việt nam",4.8,thừa thiên huế,địa điểm du lịch,0,16.46919,107.57568
465,chùa thiên mụ,"huế, hương hòa, huế, thừa thiên huế 530000, việt nam",4.5,thừa thiên huế,địa điểm du lịch,0,16.45311,107.54491
466,phố đêm hoàng thành huế,"81 lê huân, thuận hoà, huế, thừa thiên huế, việt nam",4.5,thừa thiên huế,địa điểm du lịch,0,16.4685,107.5741
467,đông khuyết đài,"fh9h+9cq, cửa hiển nhơn, đại nội huế, đoàn thị điểm, phú hậu, huế, thừa thiên huế 530000, việt nam",4.6,thừa thiên huế,địa điểm du lịch,0,16.47154,107.58001
468,làng sình,"ghfh+w4m, lại ân, phú vang, thừa thiên huế, việt nam",4.6,thừa thiên huế,địa điểm du lịch,0,16.52485,107.57779
469,kỳ đài,"fh8j+g47, thuận hoà, huế, thừa thiên huế, việt nam",4.6,thừa thiên huế,địa điểm du lịch,0,16.46629,107.58029
470,cửu vị thần công,"fh9j+5fh, p, huế, thừa thiên huế, việt nam",4.4,thừa thiên huế,địa điểm du lịch,0,16.46793,107.58123
471,phố đi bộ nguyễn đình chiểu,"nguyễn đình chiểu, phú hội, huế, thừa thiên huế, việt nam",4.5,thừa thiên huế,địa điểm du lịch,0,16.46696,107.58904
472,phố đi bộ huế,"chu văn an, phú hội, huế, thừa thiên huế, việt nam",4.4,thừa thiên huế,địa điểm du lịch,0,16.46864,107.59533
473,nghinh lương đình,"nghinh lương đình, lê duẩn, phú thuân, huế, thừa thiên huế, việt nam",4.8,thừa thiên huế,địa điểm du lịch,0,16.46478,107.58145
474,hoàng thành huế,"fh9g+px2, lê huân, phú hậu, huế, thừa thiên huế, việt nam",4.4,thừa thiên huế,địa điểm du lịch,0,16.46953,107.57743
475,phố đi bộ hai bà trưng,"fh6q+8m5, hai bà trưng, vĩnh ninh, huế, thừa thiên huế, việt nam",4.4,thừa thiên huế,địa điểm du lịch,0,16.46077,107.58925
476,cung diên thọ,"75 lê huân, phú hậu, huế, thừa thiên huế, việt nam",4.5,thừa thiên huế,địa điểm du lịch,0,16.46886,107.57534
477,làng hương thuỷ xuân,"62 huyền trân công chúa, thủy xuân, huế, thừa thiên huế, việt nam",4.3,thừa thiên huế,địa điểm du lịch,0,16.4355,107.56224
478,nhà vườn an hiên,"58 nguyễn phúc nguyên, hương long, huế, thừa thiên huế, việt nam",4,thừa thiên huế,địa điểm du lịch,0,16.45531,107.55377
479,lăng tự đức,"cầu đông ba, thôn thượng, huế, thừa thiên huế 530000, việt nam",4.5,thừa thiên huế,địa điểm du lịch,0,16.43301,107.56643
480,đại nội,"phú hậu, tp. huế, thừa thiên huế, việt nam",4.5,thừa thiên huế,địa điểm du lịch,156480,16.46845,107.57859
481,phố cổ bao vinh,"phố cổ, bao vinh, hương vang, hương trà, thừa thiên huế, việt nam",4.6,thừa thiên huế,địa điểm du lịch,0,16.49513,107.57707
482,hồ thuỷ tiên,"ch5h+5cg, hồ tiên, thủy, thủy bằng, hương thủy, thừa thiên huế, việt nam",4.5,thừa thiên huế,địa điểm du lịch,0,16.40793,107.57857
483,chùa từ hiếu,"chp9+hvr duong xuan thuong iii village, thủy xuân, huế, thừa thiên huế, việt nam",4.8,thừa thiên huế,địa điểm du lịch,0,16.43888,107.57203
484,ngự thuyền,"fh7j+qjw, lê duẩn, phú thuân, huế, thừa thiên huế, việt nam",4.4,thừa thiên huế,địa điểm du lịch,0,16.46448,107.58158
485,chùa diệu đế,"fhhp+5x5, bạch đằng, phú cát, huế, thừa thiên huế, việt nam",4.6,thừa thiên huế,địa điểm du lịch,0,16.47789,107.5875
486,điện hòn chén,"chc7+q5h, làng hải cát, hương trà, thừa thiên huế, việt nam",4.4,thừa thiên huế,địa điểm du lịch,0,16.42193,107.56297
487,phu văn lâu,"fh8j+59v, lê duẩn, phú thuân, huế, thừa thiên huế, việt nam",4.6,thừa thiên huế,địa điểm du lịch,0,16.46548,107.58092
488,đồi ngọc linh,"ch4r+c2p, châu chữ, hương thủy, thừa thiên huế, việt nam",4.1,thừa thiên huế,địa điểm du lịch,0,16.4061,107.59009
489,chùa từ đàm,"1 sư liễu quán, trường an, huế, thừa thiên huế, việt nam",4.6,thừa thiên huế,địa điểm du lịch,0,16.45174,107.58155
490,vườn cơ hạ,"fh9h+9cq, đoàn thị điểm, phú hậu, huế, thừa thiên huế, việt nam",4.6,thừa thiên huế,địa điểm du lịch,0,16.47177,107.57887
491,lăng khải định,"xã thủy bằng, huyện hương thuỷ huế thua thien-hue province, 530000, việt nam",4.4,thừa thiên huế,địa điểm du lịch,0,16.39902,107.59036
492,bảo tàng cổ vật cung đình,"03 lê trực, phú hậu, huế, thừa thiên huế, việt nam",4.5,thừa thiên huế,địa điểm du lịch,47520,16.47134,107.58208
493,cung an định,"179 phan đình phùng, phú nhuận, huế, thừa thiên huế, việt nam",4.5,thừa thiên huế,địa điểm du lịch,0,16.45666,107.59828
494,cây ngô đồng - phim trường mắt biếc,"gfqh+59f, thôn hà cảng, quảng điền, thừa thiên huế 530000, việt nam",4.6,thừa thiên huế,địa điểm du lịch,0,16.53794,107.47844
495,công viên thương bạc,"đường trần hưng đạo, phú hoà, huế, thừa thiên huế, việt nam",4.6,thừa thiên huế,địa điểm du lịch,0,16.46882,107.58605
496,không gian văn hóa nghề truyền thống huế vườn thiệu phương,"fhch+c8r, phú hậu, huế, thừa thiên huế, việt nam",5,thừa thiên huế,địa điểm du lịch,0,16.47112,107.57826
497,phố tây huế,"29 chu văn an, phú hội, huế, thừa thiên huế, việt nam",4.4,thừa thiên huế,địa điểm du lịch,0,16.46982,107.59539
498,thiên thọ lăng - lăng mộ gia long đế,"hương thọ, hương trà, thừa thiên huế, việt nam",4.7,thừa thiên huế,địa điểm du lịch,0,16.36191,107.59655
499,tư lăng - lăng mộ đồng khánh đế,"chh9+xxh, đoàn nhữ hải, thủy xuân, huế, thừa thiên huế, việt nam",4.5,thừa thiên huế,địa điểm du lịch,0,16.42993,107.57
500,tam tòa,"fhcm+gmc, tống duy tân, phú hậu, huế, thừa thiên huế, việt nam",4.6,thừa thiên huế,địa điểm du lịch,0,16.47132,107.58413
501,ngọ môn,"fh9h+3mf, phú hậu, huế, thừa thiên huế, việt nam",4.6,thừa thiên huế,địa điểm du lịch,0,16.46769,107.57917
502,edufarm - phố cổ bao vinh,"gh5f+v7p, triều sơn nam, hương trà, thừa thiên huế, việt nam",4.4,thừa thiên huế,địa điểm du lịch,0,16.50932,107.57415
503,điện khôn thái,"fhcg+5rj, phùng hưng, phú hậu, huế, thừa thiên huế, việt nam",4.5,thừa thiên huế,địa điểm du lịch,0,16.47045,107.57701
504,hổ quyền,"373 bùi thị xuân, phường đúc, huế, thừa thiên huế, việt nam",4.1,thừa thiên huế,địa điểm du lịch,0,16.44849,107.55457
505,công ty tnhh đầu tư và phát triển du lịch phố cổ bao vinh,"fhwg+mhc, hương vang, hương trà, thừa thiên huế, việt nam",4.3,thừa thiên huế,địa điểm du lịch,0,16.49669,107.57638
506,bến trà,"5 lê lợi, vĩnh ninh, huế, thừa thiên huế, việt nam",4.9,thừa thiên huế,địa điểm du lịch,0,16.46073,107.58011
507,không gian nghề truyền thống huế,"15 lê lợi, vĩnh ninh, huế, thừa thiên huế, việt nam",4.9,thừa thiên huế,địa điểm du lịch,0,16.46584,107.58834
508,con đường bích họa huế,"chm6+cmc, unnamed road, huế, thừa thiên huế, việt nam",4.4,thừa thiên huế,địa điểm du lịch,0,16.43356,107.56163
509,tiểu đình thương bạc,"fh9p+664, trần hưng đạo, phú hoà, huế, thừa thiên huế, việt nam",4.3,thừa thiên huế,địa điểm du lịch,0,16.46801,107.58557
510,huyền không sơn thượng,"ff2v+fjx, chầm, hương hồ, hương trà, thừa thiên huế, việt nam",4.7,thừa thiên huế,địa điểm du lịch,0,16.45124,107.49411
511,xuân viên tiểu cung,"22 phú mộng, tổ 11, huế, thừa thiên huế, việt nam",4.2,thừa thiên huế,địa điểm du lịch,0,16.46045,107.56223
512,rice tattoo - hoang thach art,"fhjm+7qc, kiệt 228 bạch đằng, phú hiệp, huế, thừa thiên huế, việt nam",5,thừa thiên huế,địa điểm du lịch,0,16.48068,107.58439
513,súng thần công,"fh8h+984, hai mươi ba tháng tám, thuận hoà, huế, thừa thiên huế, việt nam",4.9,thừa thiên huế,địa điểm du lịch,0,16.46588,107.57833
514,điện kiến trung,"32 đặng thái thân, phú hậu, huế, thừa thiên huế, việt nam",4.7,thừa thiên huế,địa điểm du lịch,0,16.47105,107.57656
515,đông thành thủy quan,"fhjj+p46, đường xuân 68, thuận thành, huế, thừa thiên huế, việt nam",4.4,thừa thiên huế,địa điểm du lịch,0,16.48178,107.58027
516,đỉnh hòn vượn,"ff2j+x8w, hương chữ, hương trà, thừa thiên huế, việt nam",4.8,thừa thiên huế,địa điểm du lịch,0,16.45249,107.48083
517,quan tượng đài,"fh6c+v87, đ. ông ích khiêm, thuận hoà, huế, thừa thiên huế, việt nam",4.6,thừa thiên huế,địa điểm du lịch,0,16.46217,107.5708
518,the flag tower,"fh8j+f26 imperial city, thuận hoà, huế, thừa thiên huế, việt nam",4.7,thừa thiên huế,địa điểm du lịch,0,16.46617,107.58001
