location,address,latitude,longitude
"Bánh Mì Chảo Đà Lạt, Lâm Đồng","99 Đường Nguyễn Lương Bằng, Phường 2, Đà Lạt, Lâm Đồng, Vietnam",11.9452267,108.419061
"Langbiang Mountain, Lâm Đồng","tt. Lạc Dương, Lạc Dương District, Lam Dong, Vietnam",N/A,N/A
"Nhà Hàng Lá Ẩn, Lâm Đồng","59/20 Đường An Dương Vương, Phường 2, Đà Lạt, Lâm Đồng 66109, Vietnam",N/A,N/A
"Datanla Waterfall, Lâm Đồng","QL20 Đèo Prenn, Phường 3, Đà Lạt, Lâm Đồng 66000, Vietnam",N/A,N/A
"Art Café, Lâm Đồng","11 Đường Nguyễn Khuyến, Phường 5, Đà Lạt, Lâm Đồng 66000, Vietnam",N/A,N/A
"Dalat Train Villa & Café, Lâm Đồng","1 Quang Trung, Phường 9, Đà Lạt, Lâm Đồng 670000, Vietnam",N/A,N/A
"La Viet Coffee, Lâm Đồng","200 Nguyễn Công Trứ, Phường 8, Đà Lạt, Lâm Đồng 66000, Vietnam",N/A,N/A
"Tuyen Lam Lake, Lâm Đồng","Phường 4, Dalat, Lam Dong, Vietnam",N/A,N/A
"Cơm Niêu Cô Thảo, Lâm Đồng","Y Bih Aleo, Tổ 3, Gia Nghĩa, Đắk Nông 64000, Vietnam",N/A,N/A
"Linh Phuoc Pagoda, Lâm Đồng","120 Tự Phước, Phường 11, Đà Lạt, Lâm Đồng 550000, Vietnam",N/A,N/A
"Sài Gòn Quán, Lâm Đồng","59/20 Đường An Dương Vương, Phường 2, Đà Lạt, Lâm Đồng 66109, Vietnam",N/A,N/A
"Dalat Green City Hotel, Lâm Đồng","172 Phan Đình Phùng, Phường 2, Đà Lạt, Lâm Đồng, Vietnam",11.947956,108.4332778
"Góc Hương Cà Phê, Lâm Đồng","Hẻm 32 Đ. 3/4, Phường 3, Đà Lạt, Lâm Đồng, Vietnam",11.7147724,107.3174779
"Dalat Market, Lâm Đồng","WCVP+6Q2, Đường Nguyễn Thị Minh Khai, Phường 1, Đà Lạt, Lâm Đồng 02633, Vietnam",N/A,N/A
"Bánh Canh Bà Huệ, Lâm Đồng","khu ăn uống, chợ, 100 Đường Nguyễn Thị Minh Khai, Phường 1, Đà Lạt, Lâm Đồng, Vietnam",N/A,N/A
"Me Linh Coffee Garden, Lâm Đồng","Tổ 20 thôn 4, Tà Nung, Tp. Đà Lạt, Lâm Đồng 670000, Vietnam",N/A,N/A
"Nhà Hàng 27A, Lâm Đồng","Y Bih Aleo, Tổ 3, Gia Nghĩa, Đắk Nông 64000, Vietnam",N/A,N/A
"Zen Valley Dalat Homestay, Lâm Đồng","38 Khe Sanh, Phường 10, Đà Lạt, Lâm Đồng, Vietnam",N/A,N/A
"Bún Riêu Cô Thảo, Lâm Đồng","cổng số 2 bệnh viện mới, P. Blao, Bảo Lộc, Lâm Đồng, Vietnam",N/A,N/A
"Bánh Mì Chảo Đà Lạt, Lâm Đồng","99 Đường Nguyễn Lương Bằng, Phường 2, Đà Lạt, Lâm Đồng, Vietnam",N/A,N/A
"Cơm Tấm Chay Dalat, Lâm Đồng","38/10 Đ. Trần Phú, Phường 4, Đà Lạt, Lâm Đồng, Vietnam",N/A,N/A
"Café Tùng, Lâm Đồng","6 Khu Hoà Bình, Phường 1, Đà Lạt, Lâm Đồng, Vietnam",N/A,N/A
"Cơm Niêu Cô Thảo, Lâm Đồng","Y Bih Aleo, Tổ 3, Gia Nghĩa, Đắk Nông 64000, Vietnam",N/A,N/A
"Dalat Edensee Lake Resort & Spa, Lâm Đồng","Tuyen Lam Lake, Zone VII.2, Phường 4, Ward 4, Lâm Đồng 670000, Vietnam",N/A,N/A
"Bánh Mì Phượng, Lâm Đồng","28 Đường Triệu Việt Vương, Đ. An Sơn, Ngã ba, Đà Lạt, Lâm Đồng, Vietnam",11.9456281,108.4209638
"Crazy House, Lâm Đồng","03 Đ. Huỳnh Thúc Kháng, Phường 4, Đà Lạt, Lâm Đồng 66115, Vietnam",11.9347331,108.4283056
"Nhà Hàng Cá Lóc Nướng Lá, Lâm Đồng",N/A,13.8029842,106.0884257
"XQ Historical Village, Lâm Đồng","258 Đường Mai Anh Đào, Phường 8, Đà Lạt, Lâm Đồng, Vietnam",N/A,N/A
"Da Quy Restaurant, Lâm Đồng","01 Đường Hà Huy Tập, Phường 3, Đà Lạt, Lâm Đồng, Vietnam",N/A,N/A
"Mộc Lan Coffee, Lâm Đồng","29 Đ. Trần Phú, Phường 4, Đà Lạt, Lâm Đồng, Vietnam",N/A,N/A
"Café Cội Xưa, Lâm Đồng","Đạ Oai, Đạ Huoai District, Lam Dong, Vietnam",N/A,N/A
"Dalat Museum of Ethnology, Lâm Đồng","4 Đ. Hùng Vương, Phường 10, Đà Lạt, Lâm Đồng, Vietnam",N/A,N/A
"Nhà Hàng Làng Việt, Lâm Đồng","Nguyễn Tất Thành, Cam Hải Đông, Cam Lâm, Khánh Hòa 650000, Vietnam",N/A,N/A
"Domaine de Marie Church, Lâm Đồng","No. 1 Ngô Quyền, Phường 6, Ward 6, Lâm Đồng, Vietnam",N/A,N/A
"Nhà Hàng Đà Lạt View, Lâm Đồng","180 Ba Tháng Hai, Phường 4, Đà Lạt, Lâm Đồng, Vietnam",N/A,N/A
"Dalat Palace Heritage Hotel, Lâm Đồng","2 Đ. Trần Phú, Phường 3, Đà Lạt, Lâm Đồng 66100, Vietnam",11.9376172,108.4378017
